1,_,是正品
1,_,不错的
2,_,喜欢
2,颜色,_
3,_,挺细腻的
4,_,还行
5,_,不错
6,_,很细腻
6,_,贴合肤色
6,_,很好
7,_,特别好用
7,_,很喜欢
8,_,好评
9,_,还可以
10,_,不错
11,_,不错
11,_,没有油腻
11,_,很清爽
11,_,水润
11,_,不错
11,_,很清爽
11,_,水润
12,包装,一般
12,_,还行
13,_,一般般
14,_,不错
15,_,速度快
15,包装,很不爽
16,_,好用
17,发货,速度快
18,_,很喜欢
18,_,很好用
19,_,很好
19,_,不错
19,_,喜欢
20,_,自然
20,_,不油腻
21,_,挺好用
21,_,好评
22,_,很适合油
23,_,很不错
23,_,很贴肤细腻
24,_,不错
25,_,优惠
26,_,很好用
26,_,太贵了
26,_,有点干
27,_,真心不错
28,_,较慢
28,_,油腻
28,_,一般
29,_,很好用
29,_,很温和
30,_,还可以
31,_,不错
31,_,非常好
32,卸妆,干净
32,_,好评
33,_,好用
34,_,很好
34,_,不错
35,_,很多
35,_,有些不合适
35,_,有些痒
35,_,很不舒服
36,快递,很快
37,速度,很快
37,_,很划算
38,_,很水润
38,包装,不错
39,物流,很快
39,快递小哥服务,很好
39,_,是真的
41,_,很好用
41,_,不紧绷了
42,_,一般
43,_,挺好用的
43,酒精味重,_
44,到货,很喜欢
45,_,很好
46,_,还可以
47,_,非常不错
47,_,没有刺鼻
47,味道,很温和
48,_,还行
48,_,不错
49,盒子,没有
49,_,太垃圾
50,_,淡淡的
50,香味,还不错
50,_,不提供
50,发票,不方便
51,_,不错
52,_,好用
52,_,显白
52,_,不油腻
53,_,好不好用
53,价格,挺便宜
54,_,不错
54,快递速度,_
54,快递小哥,点赞
55,_,很不错
56,_,很喜欢
57,_,不怎么好用
58,_,亲肤柔和
58,_,满意
59,_,辣眼睛
60,_,非常好
60,_,很滑
60,_,很嫩
62,_,不好用
64,_,很适合
64,_,不错
65,_,不错
66,物流,很快
68,物流,非常快
68,包装,不错
69,快递,给力
70,_,还可以
71,_,保湿
71,_,滋润
71,_,挺好的
72,包装,很一般
73,_,过敏
74,_,不怎么滴
75,_,真心不错
75,活动,非常划算
75,_,有好
75,_,温和
75,_,不刺激
76,_,很好用
77,_,好评
78,价格,便宜
78,性价比,_
78,包装,不错
78,_,还可以
79,包装,很好
79,快递,_
80,_,还不错
81,_,很好用的
82,_,不错
82,物流,很快
83,_,还行
84,_,还不错
85,_,设计
85,_,很喜欢
86,_,很好用
86,修复,光光滑的
86,_,超喜欢
87,速度,很快
87,_,水润润
87,_,好评
88,_,很温和
88,_,很清爽
88,_,不紧绷
88,_,很划算
89,_,非常好用
90,_,不错
91,_,挺好的
91,_,不错
92,_,不是很喜欢
92,味道,_
93,_,很好用
93,味道,特别好闻
93,_,很细腻
94,价格,优惠
94,_,满意
95,_,挺好的
96,_,特别滑
96,精华液,挺多
96,_,好评
97,包装,精美
97,价格,实惠
98,_,很不错
98,_,非常喜欢
98,赠品,_
98,快递,给力的
99,补水效果,较好
100,补水效果,特别好
100,_,特别水润
101,性价比,还可以
102,味道,淡淡的
102,_,不油腻
102,_,新的旧
102,包装,_
103,_,很喜欢
103,_,水水的
104,_,可以
104,_,便宜
104,_,实惠
105,_,还可以
106,活动,超级好用
107,_,很不错
107,隔离,_
108,_,不错
109,_,很好用
110,味道,_
111,_,补水
111,_,还不错
111,性价比,很高
112,_,是正品
112,香味,浓郁
112,遮瑕效果,非常好
113,保湿效果,不错
113,_,挺好用的
114,_,非常好用
115,_,很好用
116,_,值得信赖
117,无流,很快
117,_,挺好的
118,价格,合适
118,_,不贵
119,_,是正品
119,性价比,最高
119,_,很好用
119,物流,很快
120,_,挺好的
120,_,不错
121,_,挺好的
122,味道,真的不好闻
122,_,很次
122,_,滑石粉
123,_,可以
124,_,很好用
125,_,好用
125,_,好用
125,_,还不贵
126,_,不错
126,_,好用
127,_,好用
128,_,还可以吧
129,_,好些
130,_,物美价廉
130,发货,_
130,盒子,很漂亮
131,活动,_
132,_,不好
133,_,一般般
134,物流,_
135,_,一点
135,赠品,没有
135,价格,差不多
136,_,好用
136,_,超级好用
136,_,不干
136,_,很舒服
137,_,不紧水份多
137,价格,便宜
138,_,大爱大爱
138,_,大爱大爱
138,_,超级补水
138,_,超级划算
138,_,五星好评
140,送货,_
141,_,很好用
141,补水效果,很好
141,_,滋润
141,_,服帖
141,_,完美
142,_,很喜欢
142,补水,特别好
143,_,挺实惠
143,_,蛮好用
143,_,很滋润
144,物流,很快
144,_,很好用
144,赠品,_
145,物流,杠杠的
145,包装,不错
146,_,特别轻薄
146,_,透气
146,_,补水
147,_,还可以
148,补水效果,特别好
149,_,还可以
149,吸收效果,不是太好
150,_,很好
150,_,补水的
151,_,好评
152,_,不是太喜欢
153,_,超级不错
153,_,细腻
153,_,不起
153,配送员服务,超好
153,_,点赞
154,_,搓泥
154,_,适合油
154,_,适合油性肌肤
155,_,经济
155,_,实惠
155,送货速度,_
156,_,很好用
158,遮暇力度,不油腻
158,上妆,服帖
158,_,超高
158,_,喜欢
159,_,是正品
160,_,不错
161,_,很好用
161,_,很实惠
162,_,挺好
162,物流,很快
162,价格,实惠
163,_,挺好用的
163,卸妆,很温和
163,_,很清爽
163,_,不伤皮肤
164,包装,_
164,十分,不好
165,_,很喜欢
165,物流速度,不错
166,_,很喜欢
166,物流速度,不错
167,_,挺好用的
168,_,非常不错
168,_,实惠
169,_,挺好用的
169,_,挺滋润的
170,_,好评
170,_,好用
172,_,不怎么好用
173,_,收快
173,_,超级滋润
173,活动,给力
174,包装,_
174,盒子,_
175,_,不错
175,_,很好闻
175,_,很好
177,_,有点点卡粉
177,_,不咋个
177,遮瑕,_
178,_,一如既往的好
179,_,挺满意的
179,_,还不错
179,补水效果,挺好的
179,_,有点紧绷？
180,_,超所值
180,_,物聊
180,_,超快
181,_,容易推开
181,_,不油腻
182,_,很好
182,_,不过敏
182,_,很保湿
182,_,不油腻
183,_,还不错
183,遮盖,挺干的
184,_,很好用
184,_,正品
185,_,不错的
185,_,比较优惠
186,_,不错
187,物流速度,是快
187,_,非常不错
188,保湿效果,很好
189,_,特别好用
190,_,很滋润
190,_,不脱妆
190,_,挺好用的
191,价格,合适
191,_,不错
192,_,很不错
193,_,很好用
194,_,不错
195,_,不是很多
195,气味,很好
195,_,淡淡的
196,_,一般
197,包装盒子,没有
198,_,还行
199,_,还可以
199,_,不紧绷
200,物流,很快
200,_,很满意
200,_,还不错
201,_,可以的
201,_,有些油
202,_,很喜欢
202,送货,_
202,送货速度,棒棒的
203,_,很喜欢
204,_,挺好的
204,物流,挺快
204,_,好评
205,_,还可以
206,_,很好
206,_,贴肤
206,_,不卡粉
207,_,很精美
207,_,很好用
208,_,很喜欢
209,_,挺好用的
209,味道,香香的
209,_,很滑
209,_,很舒服
209,_,好评
210,_,最好
210,速度,_
211,_,还贵些
211,活动,给力
212,补水效果,特别好
212,_,很喜欢
213,_,假的
213,泡沫,没有
214,效果,不好
214,_,好用
215,_,不错
216,_,非常好用
216,_,很干净
217,_,很好用
217,_,不油腻
218,_,不错
218,快递,超级给力
219,成分,_
219,活动,_
219,赠品,_
220,包装,挺好看
220,快递小哥,_
221,_,不错
221,_,很多小
221,_,喜欢
222,_,很便宜
224,_,好用的
226,_,很好
227,_,好用
227,_,很方便
228,速度,飞快
229,_,光滑
229,_,可以
230,_,不过敏
230,_,很好用
231,物流,真心不错
231,_,喜欢
232,_,很好
232,物流,很快
232,_,便宜
233,_,物超所值
233,_,好评
235,_,还好
236,_,水润
236,_,轻薄
236,_,比较保湿
238,_,优惠
239,_,很好
239,_,很喜欢
240,_,不错
241,补水,还可以
241,精华液,很多
241,_,不错
242,_,便宜
243,_,一般
244,_,不错
244,_,非常好用
245,速度,算是快
246,服务,很好
246,性价比,很不错
247,_,还不错
248,_,很美白
248,味道,很舒服
248,_,很喜欢
249,_,挺好的
249,_,滋润
249,_,不油腻
250,_,不错
251,_,挺好用的
251,_,很服帖
251,_,自然
252,_,过敏
252,_,起红点红斑
252,_,非常痛
253,_,希望好用
253,_,难题
254,_,一般
254,_,好用
255,_,挺好用
255,精华,好多
256,_,方便
256,_,快捷
256,_,不错
256,活动,不给力
258,_,非常的好用
259,_,好小
261,_,特便宜
262,_,好评
262,_,好用
263,_,物有所值
265,_,还可以
266,_,还可以
266,_,有点干
266,_,没有提亮肤色的
267,_,好用
267,_,便宜
269,味道,很奇怪
269,_,辣眼睛
270,_,很滋润
270,_,特别喜欢
271,_,美美哒
272,物流,很快
272,包装,完好
272,服务,满意
273,活动,_
273,价格,优惠
273,补水效果,不错
274,_,挺好用的
274,_,淡淡的
274,香味,不脱妆
275,_,很好用
277,_,很舒服
277,补水效果,很好
278,_,很一般
279,_,正品
279,_,实惠
279,快递,很快
279,_,满意
280,_,真的不错
281,味道,_
281,味道清淡水的泡沫,清淡水的
281,_,很细腻
281,_,没有
282,_,正品
282,_,特别省
283,_,超级划算
283,包装,好看
286,_,挺好用的
287,_,挺好的
288,物流,很快
288,_,棒棒哒
289,_,挺好用的
291,补水效果,很好
292,_,很好用
293,_,不错
293,_,非常清爽
295,_,很多
297,_,还可以
298,赠品,最优惠
299,_,不错
299,_,很服帖
299,物流,很快
300,_,很棒的
300,价格,_
301,_,不干燥
301,_,滑滑的
303,_,不错
303,_,很舒服
304,_,不错
304,_,好评
305,_,很喜欢
305,礼品,_
306,_,比较实惠
307,_,很好用
308,_,不错
309,快递,真快
309,_,很满意
310,粉底,太少了
310,_,很少干干
310,_,有粉底
311,_,不错
311,_,很好用
312,_,很香
312,_,很白
312,_,还可以
313,_,不错
313,遮瑕效果,_
314,_,有点小过
315,_,挺好
315,_,相当实惠
317,_,差评
317,_,太小
317,精华,太少了
318,上妆效果,还可以
319,_,是正品
319,赠品,_
320,_,很好
320,保湿,不错
320,价格,合适
322,_,物美价廉
323,包装,很好看
324,补水效果,很好
324,_,很薄的
325,_,强能用
325,价格,_
326,保湿效果,很好
327,_,很喜欢
327,_,非常喜欢
327,质量,很高
327,_,特别喜欢
328,_,不错
328,_,挺好用的
330,_,真的不错
331,_,很服帖
331,_,超服帖
332,_,很不错
332,_,有点淡
333,_,提亮肤色
333,_,不油腻
333,_,清新的感
334,味道,好闻
334,保湿效果,_
335,_,不错
335,速度,很快
336,_,不错
336,速度,很快
337,_,不错
337,速度,很快
338,_,不错
338,速度,很快
340,_,很好
340,物流,给了
340,_,不错
341,_,很好
341,物流,给了
341,_,不错
342,_,给力
342,速度,_
343,_,有点干
344,_,不错
344,送货,很快
345,_,很好
345,_,很喜欢
346,_,粉嫩嫩的
346,_,很适合
346,_,非常滋润
346,_,不干也不油腻
346,_,很自然
347,泡沫,很多
347,_,不干
347,_,挺滋润的
347,_,超级划算
348,_,很实惠
348,发货速度,很实惠
348,发货速度,_
349,_,温和
349,_,洗后
349,_,不紧绷
349,_,最大的
350,大盒,_
351,_,非常平价
351,_,补水
351,_,不错
352,酒精味,不联系
353,_,还可以
353,_,还不错
355,_,还不错
357,_,很不错
358,_,还算可以
360,味道,很好闻
360,_,还好
361,_,还不错
361,_,挺好用
361,价格,实惠
362,保湿效果,非常好
363,_,不错
364,_,很薄
364,_,很水润
364,_,不过敏
365,_,可以
365,_,不错
365,_,很清爽
365,_,不油腻
366,_,淡淡
366,味道,不辣眼睛
366,_,挺好用
367,_,还是油
368,_,不错
369,补水效果,非常好
370,快递,很给力
372,_,挺好的
372,_,超多
373,_,挺好用的
374,_,不错
374,_,货真价实
375,_,挺好用的
376,物流,颜色好
376,_,物超所值
377,包装,很好
377,物流,很快
377,_,不错
377,_,非常物美价廉
378,快递,真的好快
379,_,非常好
380,到货速度,_
381,_,很好
381,_,挺薄的
381,精华,挺多的
381,_,很舒服
382,价格,实惠
382,_,可以
383,_,很保湿
384,提亮效果,还不错
385,_,还好吧
385,日期,新鲜
386,_,不错
387,_,很好用
388,_,还行
388,_,比较自然
389,_,超喜欢
389,味道,香香的
389,快递,很给力
390,_,挺滋润的
390,_,比较干
390,_,很服帖
390,_,很滋润
391,_,可以
391,_,很好用
392,控油效果,好用
393,_,很喜欢
394,_,超级润
394,_,喜欢
394,_,不错
395,_,太好用
398,_,很自然
398,质地,保湿
398,_,滋润
398,香味,_
399,_,很好用
399,_,很喜欢
400,_,好干净
400,_,不紧绷
401,补水功能,强大
402,保湿效果,确实不错
403,_,快递
404,快递,很给力
404,包装,很好
404,_,还可以
405,_,很好用
405,_,很喜欢
406,_,挺好的
407,_,非常舒服
407,_,不会特别拔干
408,_,很好
408,_,非常好
408,_,非常好
409,_,超级好用
409,活动,很划算
410,_,不上
411,_,好评
412,补水效果,相当不错
412,精华液,特别多
412,_,喜欢
413,_,不错
414,_,物美价廉
415,_,不错
415,_,非常清爽
415,_,不油腻
416,_,不错
416,活动,_
416,物流,很快
417,_,还可以
417,价格,很实惠
418,_,还可以
418,价格,很实惠
419,_,很划算
420,_,非常喜欢
420,_,正品
421,_,非常好用
422,_,挺好的
422,_,挺好用
422,价格,实惠
423,_,是正品
423,_,很不错
424,_,很不错
425,_,很小罐
426,补水效果,很好
426,_,很喜欢
427,_,非常不错
428,_,非常适合
428,_,均衡肤色
429,_,蛮好的
429,精华,挺多的
430,_,挺好
430,味道,好闻
430,_,不错
431,_,物美价廉
431,_,便宜
431,_,实惠
431,_,可以
432,酒精味浓,_
433,快递小哥服务,很不错
434,_,挺喜欢
434,_,好评
435,_,比较清爽
435,_,不油腻
435,物流,_
436,_,挺不错
437,物流,超级给力
437,_,非常快
437,_,非常不错
438,_,还不错
439,_,很好用
440,_,很好用
441,_,挺不错的
442,_,很不错
442,_,好用
443,_,不油腻
443,_,好评
443,_,有点贵
444,_,很好
444,_,很香
444,_,很喜欢
444,_,很棒
445,_,还可以
445,精华,挺充足的
445,_,接受
446,_,很好用
446,_,很干净
446,_,不紧绷
448,_,超级大赞
449,_,非常好用
449,_,细腻
449,_,白皙
449,味道,特别好闻
450,_,很喜欢
451,_,非常好用
451,精华,很多
451,_,超棒
452,物流,很快额
453,_,还可以
454,五分,好评
455,_,还可以
455,_,挺补水的
456,_,不错
456,_,很好用
457,_,保质期
458,物流,很快
458,_,显白
458,_,稍微有点干
459,_,满心欢
460,_,很好
460,速度,_
461,快递速度,很快
461,_,不错
462,隔离效果,温和
462,_,不刺激
463,_,挺好的
463,物流,挺快的
464,_,挺好用的
464,赠品,_
465,_,不错
465,_,很好的
466,_,很喜欢
467,_,不错
468,_,不像正品
469,_,蛮快
470,_,过敏了
470,_,非常不愉快
470,物质,_
471,_,还不错
471,_,淡淡的
471,香味,_
471,服务态度,_
472,_,特别好用
472,_,很喜欢
473,_,保湿
473,_,不干
473,_,很喜欢
474,_,挺好用的
475,快递,杠杠滴
476,_,是正品
476,_,特好用
478,_,还不错
479,_,还不错
479,_,很补水
481,_,太油了
482,_,好评
482,快递小哥,_
482,快递小哥,万个
483,赠品,_
484,_,润润的
484,_,易吸收
484,香味,很舒服
485,上妆效果,_
486,_,赞一个
487,_,真心不错
488,_,挺好用的
488,吸收,挺快的
489,_,不好
491,服务态度,很好
492,_,很好用
492,活动,很划算
493,_,不错
494,_,特别好
494,_,非常喜欢
495,包装,_
496,_,很好
496,_,很好
498,_,还好
499,_,还行
500,_,很好用
501,_,很好用
502,_,还不错
503,_,是正品
503,_,很好
504,_,涂着不舒服
504,酒精味,_
505,活动,_
506,_,可以啊
506,_,提好用
507,_,很好用
507,_,还不错
508,_,还不错
509,_,确实不错
510,_,很好用
510,_,滑滑的
511,保湿效果,不错
511,粉质,细腻
512,_,是正品
513,_,不错
513,_,喜欢
514,_,不错
515,_,还不错
515,_,很不错
516,_,好用
516,_,过年美美哒
517,_,清爽爽
517,_,不油腻
518,包装,很满意
518,物流,很快
518,_,很好用
519,包装,比较优惠
519,物流,_
519,配送员服务,_
520,包装,比较优惠
520,物流,_
520,配送员服务,_
521,_,好用
522,_,挺好的
522,_,很实惠
524,_,还不错
525,_,很多
526,_,很爱起泡沫
526,泡沫,很细腻
526,_,很温和
526,味道,很好闻
526,_,正品
527,_,假的
528,塑料味,_
529,_,很好
531,_,可以
533,味道,很好
533,_,容易推开
534,_,便宜
534,_,很好
534,_,不过敏
534,_,好用
535,_,很自然
535,_,不错
536,_,不错
537,_,还不错
537,价格,实惠
537,性价比,不错
538,_,挺好的
538,_,很正
538,_,方便
539,_,好评
540,垃圾,_
541,_,还行
541,_,不是很白
541,味道,可以
541,_,很难洗下
542,性价比,非常高
542,物流,非常快
543,_,不错
543,_,一般
543,_,较自然
544,_,太温和
544,_,滑滑的
545,_,不错
545,收货,不错
545,_,挺好的
546,补水,保湿
546,_,清爽
546,_,不油腻
547,_,巨坑
547,_,降价
547,_,那么快
548,_,补水
548,_,不错
549,包装,很简陋
550,补水效果,不错
552,_,很满意
553,物流,_
554,物流,值得信赖
554,_,很满意
555,_,不好
555,_,过敏
555,清洁能力,_
555,香味,_
556,_,物廉价美
557,味道,很难形
557,_,很讨厌
558,_,很好用
558,_,不卡粉
558,上装,很自然
558,_,滑滑的
558,_,很喜欢
559,_,还不错
559,_,挺滋润
560,包装,很精致
560,态度,一切
560,_,挺好的
561,包装,很精致
561,态度,一切
561,_,挺好的
562,快递,很快
562,_,很好
562,_,极力推荐
563,_,很好用
564,_,不错
565,_,不怎么好用
566,精华,很多
566,_,很舒服
567,_,吸收
570,_,不错
571,_,还可以
571,包装,很不错
571,_,好的
572,_,不怎么的好
573,_,挺好的
573,_,蛮好用
573,_,稍微味道大点
573,_,不错
574,_,不是很白
574,_,不是遮暇的
574,_,太差劲了
575,_,比较大
575,_,不适合
575,_,太白了
576,_,很不错
577,_,不好用
578,_,很好
578,_,不错
578,_,很适用
578,气味,很清香
579,_,好划算
580,_,正不敢用
581,_,蛮好的
582,_,非常的好用
582,_,细腻
582,_,温和
582,_,不刺激
583,_,挺干的
583,持妆效果,还可以
584,_,特别好用
585,_,很好
585,_,不错
586,_,挺不错身
587,_,好用
587,_,滑滑的
587,保湿效果,很好
588,_,很满意
588,_,非常高兴
588,_,很不错
589,_,无不适感
589,_,透气好
589,_,满意
590,_,比较便宜
590,盒子,粗糙
591,_,很好
591,_,很喜欢
592,_,很不错
593,_,挺香的
595,_,好用
595,_,特别润
595,补水效果,不心疼
596,包装,比较高大上
596,包装,太土了
597,_,好用
597,_,不刺激
598,包装,很漂亮
598,_,喜欢
598,_,应该不错
599,保湿效果,不错
600,速度,飞快
600,_,挺细腻
601,_,好评
602,_,很好
604,_,挺白的
604,隔离效果,不好
605,_,可以
605,_,挺好的
606,_,喜欢
606,_,不油腻
606,_,细腻
606,_,均匀
606,_,很自然
607,_,还不错
607,_,很自然
607,_,很香
607,赠品,_
609,保湿效果,不错
609,_,很舒服
609,_,真心不错
610,_,非常不错
610,去气色,很自然
610,_,保湿
611,_,好用
611,_,涂少
611,_,很自然
611,_,耐用
611,_,好评
612,_,非常好
612,_,非常快
612,_,非常值
613,_,不错
613,_,一直用
613,_,方便
614,_,挺好
614,_,很补水
614,精华,很多
614,价格,实惠
615,_,超级好
615,_,少了
615,_,很好闻
615,_,喜欢
616,包装,非常好的
617,_,真假
617,价格,有点贵
619,_,不错
621,_,还不错
622,_,很喜欢
623,价格,好划算
623,补水效果,挺好的
624,_,不好用
625,_,很好
626,_,还不错
626,_,挺好
627,_,特优惠
628,保湿效果,非常好
630,_,划算
630,_,很舒服
630,_,很推荐
631,_,很好用
632,香味,浓郁
633,活动,物美价廉
633,物流,非常满意
634,_,很不错的
635,物流,快捷
635,_,给力
635,包装,_
635,包装到位,严实
636,包装,不是正品
637,_,特别服帖
638,_,便宜很多
639,_,好小
639,_,太少
639,_,没了
640,_,刺鼻的
640,味道,香香的
640,_,不紧绷
640,_,好用
641,_,不错
641,_,拔干
641,遮瑕,一般
642,_,很好
642,_,非常好
643,送货,速度快
643,小哥服务,快递
643,_,水水的
643,_,润润的
644,_,非常棒的
644,_,很满意
645,水润度,还不错
646,_,偏油
647,_,不错
647,_,不错
648,_,还不错
651,_,非常喜欢
652,_,是正品
652,_,不错
653,_,很舒服
654,包装,没封口
654,操控,不严
655,_,很好
656,_,真心好用
656,_,提亮
658,_,沫丰富
658,清洁力,有淡香
658,_,喜欢
659,_,挺好用的
659,_,很划算
660,味道,淡淡的
660,_,不起沫
660,_,有点滑
661,_,不错
662,_,挺好用的
662,保湿效果,不错
662,_,挺好的
663,_,挺保湿的
663,_,不怎么干
666,_,还不错
666,_,还可以
667,包装,很好
667,物流,_
668,_,很好
668,_,非常不错
669,_,挺好的
669,_,还保湿
670,_,便宜
670,_,一点不假
671,_,很贴合
671,保湿效果,很好
671,_,优惠
672,_,很好用
673,_,很棒的
673,_,不刺激
673,物流,_
674,_,还不错
674,_,很细
675,_,很不错
675,_,满意
676,快递,挺快的
676,_,挺大
677,_,好用
677,补水效果,_
677,精华,比较多
677,_,不错
678,_,很好
678,_,很满意
679,_,便宜
679,_,优惠
679,_,一点
679,_,还好
680,_,不好用
681,_,很划算
681,_,很舒服
682,_,方便
682,包装,完整
682,价格,实惠
682,快递,很快
682,赠品,_
683,_,不错
683,_,划算
685,保湿,还行
685,_,不卡粉
685,价钱,优惠
686,速度,超快
686,快递小哥,超级暖心
688,_,挺好的
689,_,很轻薄
689,_,不浮粉
690,_,还行
690,_,比较粘
691,_,挺好用的
691,遮瑕效果,不错
691,颜色,很提亮
691,_,不错
692,_,非常好
692,_,很舒服
693,_,很好用
694,_,很好
694,活动,_
694,价格,很优惠
694,_,很好用
695,_,还不错
696,物流,很快
696,_,不错
697,物流,真是快
697,_,不错
698,_,很好用
698,遮暇效果,非常不错
698,_,很好
699,_,便宜又好用
700,_,便宜又好用
701,_,特别好用
702,活动,店实惠
703,_,好评
704,_,5星好评
705,_,不好用
706,_,好用的
706,瓶子,超级好看
707,_,很好
707,_,很不错
707,_,好评
708,活动力度,可以的
708,_,划算
708,_,很多
708,_,还可以
709,_,假的
709,_,假的
709,_,假的
710,物流速度,真是快
711,补水效果,不错
711,物流,挺快的
712,_,不错
712,_,满意
713,_,还不错
714,_,很好
714,_,很服贴
714,精华液,很卵
714,_,还要好
715,补水效果,没有
716,_,挺好的
716,_,很划算
717,物流,很快
718,_,挺好用
718,_,挺干净的
719,_,不错
720,_,不错
720,物流,超快
721,补水效果,还不错
722,_,细腻
722,_,滑滑滴
722,_,还算满意
723,_,挺好的
724,_,不好
724,_,过敏了
725,_,超实惠
725,_,不油腻
725,_,挺好的
727,_,清爽
727,_,不适合
727,痘痘,_
728,_,一般
729,_,一般
730,_,一般
731,_,还不错
732,_,好评
732,_,挺好用的
732,_,不过敏
733,发货,是正品
733,_,便宜
735,_,还可以
735,_,少了
736,_,很好用
737,_,真心的
737,_,不错
738,_,一般
738,_,不怎么控油的
739,_,很不错
739,_,很喜欢
740,_,很好用
740,_,细腻光滑
740,_,水润
740,性价比,_
741,_,还好
741,_,便宜
741,_,很划算
741,_,还不错
742,物流,挺快
743,_,差评
743,_,没有就算
744,水分,很足
744,_,很不错
744,物流,很实惠
745,_,非常喜欢
745,_,很满意
746,_,挺满意的
747,补水效果,不错
748,物流,很快
748,_,很划算
750,_,很不错
750,味道,好闻
750,遮瑕,保湿
751,_,挺好用的
752,_,不错
753,发货速度,_
754,_,挺好推开的
754,防晒效果,_
755,礼品,_
756,_,很好
756,_,是正品
757,送货,非常快
757,服务,很不错
757,性价比,很高
758,_,还好
758,_,蛮清爽
759,_,给力
759,价格,便宜
759,物流速度,很喜欢
760,_,还好吧
761,_,很快
761,_,很方便
761,_,实惠
762,_,好没有
764,快递,点个赞
764,_,超级快
764,_,杠杠滴
764,_,很不错
764,_,棒棒哒
765,_,还可以
766,_,不错
766,活动,实惠
767,活动,给力
768,_,温和不刺激
768,包装,很好
768,质量,不错
769,_,确实不错
770,_,还好吧
770,_,便宜
771,_,粉丝了
771,发货,很快
771,_,超级好听
771,_,很不错的
772,_,超级赞
772,活动,很值
774,_,不错
775,_,好用
775,_,不错
776,_,喜欢伯
776,_,很喜欢
777,物流,很快
777,隔离效果,很棒
778,_,降价
779,_,提亮肤色
779,_,满分
780,_,还不错
781,价格,实惠
781,保障服务,_
781,送货,_
782,_,不好用
782,_,不好用
782,_,不好用
782,味道,特别刺鼻
783,_,挺水润
784,_,不好
784,_,便宜
785,_,好用
785,保湿效果,很好
786,_,很自然
787,_,便宜
788,_,真心不错
789,补水效果,很不错的
790,补水效果,挺不错
790,_,很愉
791,_,挺好的
791,_,挺喜欢
791,瓶子,很好看
791,_,挺舒服的
791,_,还不错
792,_,自然
793,_,很干
793,_,很干
793,_,不值
794,_,还不错
794,速度,很快
795,_,挺好用
796,_,不好
796,_,便宜没
796,_,好货
797,_,不错
798,_,太苍白
799,_,淡淡的
799,味道,很好闻
799,_,很好用
800,_,过敏
801,味道,香香的
801,外观,特别漂亮
802,补水效果,真的好
802,物流,很快
802,_,非常满意
803,_,很适合
804,_,是快
805,_,很不错得
805,_,补水
805,_,不错
806,_,还不错
807,盒子,很好看
808,效果,很好
808,_,淡淡的
808,香味,_
808,价格,很美丽
809,_,很好
809,_,很舒服
810,_,学推荐
811,_,挺好用的
811,_,还可以
812,_,挺合适的
812,活动,给力
813,_,很好
814,_,好评
815,_,很好
815,_,淡淡的
815,_,喜欢的
816,_,非常好用
816,_,很薄
816,补水效果,不错
818,_,挺好用的
818,_,比较水润
818,上妆,挺容易
818,物流,很快
819,活动,很划算
820,包装,完好
821,快递,就是那么值
821,快递,_
822,物流,太给力
822,_,超级快
822,清洁能力,_
823,_,不错
823,_,很温和
823,_,不刺激
824,补水效果,棒棒哒
825,_,活动价
825,_,实惠
826,_,还不错
827,_,很好
827,_,很服帖
828,_,很喜欢
829,_,很好用
830,_,不错
830,_,非常满意
832,_,不错
832,_,很好推开
832,_,细腻
832,_,不遮暇
832,_,很好的
832,_,棒棒哒
833,速度,挺快
833,快递员,_
834,补水效果,挺好的
835,物流,很快
835,小哥,很好
836,_,是正品
837,_,还可以
837,_,不多
838,_,没有
839,_,是正品
839,_,挺好的
839,瓶装,_
840,_,挺好的
841,_,容易吸收
841,_,很好推开
841,_,含有
841,_,含有抗衰
841,_,含有抗衰老成分
841,性价比,_
842,_,很喜欢
842,_,还不错
843,_,很好
844,_,还行
845,包装,还可以
846,_,超级好用
847,_,还行吧
847,_,太香了
847,泡泡,比较少
847,_,不太喜欢
848,物流,蛮快
848,_,不错
848,_,划得
848,_,划得着
849,_,超级好用
849,_,不干
849,_,香香的
850,_,很不错
850,_,正品
851,物流,超级快
851,_,好评
851,_,很划算
851,_,便宜
851,_,好评
852,_,很实惠
853,_,不错
853,保湿,挺好的
853,快递,很快
855,没收,_
856,_,滑滑的
856,_,还不错
857,_,很好用
857,_,棒棒哒
858,_,特别油腻
858,_,轻薄
858,上妆,_
859,_,不错
859,_,随便用用
859,_,不错
860,保湿效果,挺好的
860,_,是正品
861,包装,挺好的
861,_,是正品
862,_,还可以
862,_,比较满意
863,_,还不错
863,_,很好
864,_,正品
864,_,很好
865,_,很好用
866,_,有点油
866,_,很棒
866,_,很贴心
867,快递,_
868,_,好油
868,_,好油
868,_,好油
868,_,不值得推荐
869,_,很好用
870,_,挺保湿的
870,_,有点黏腻
871,_,香香的
871,_,挺好用
872,_,还可以
872,_,不能遮暇
872,_,希望别长
873,_,很喜欢
873,赠品,好超值
873,_,很喜欢
874,_,非常好用
875,_,不错
876,_,还不错
876,_,正品
877,补水效果,非常好
877,_,水嫩嫩的
877,精华,很多
877,_,光滑
877,_,很保湿
877,_,不刺激
878,_,挺好的
878,包装,精美
878,_,漂亮
878,_,正品
879,客服,很贴心
879,_,五星好评
880,_,细腻
880,_,柔滑
880,味道,清香
880,_,么么哒
881,_,最便宜
882,_,挺好用的
883,_,很喜欢
884,_,不错
884,_,很轻薄
885,活动,不错
887,_,很好用
887,_,非常贴
887,_,补水
888,_,大爱呀
889,_,很高效
890,_,还可以
891,_,还不错
891,_,非常实惠
892,_,好用
893,_,好用
893,_,遮瑕
893,_,自然
894,快递速度,这么快
894,价格,么实惠
895,_,还行
895,_,亲民
895,价格,_
896,_,很满意
897,_,非常好用
898,_,很好
899,_,很愉
900,_,好用
901,_,好用
901,颜色,_
902,_,不错
903,_,很好用
903,_,很喜欢
904,_,不干净的
905,_,挺好
906,_,非常滋润
907,活动,物美价廉
907,_,五星好评
908,_,方便
908,设计,挺好
908,_,水不刺激
908,清洁,挺干净的
908,_,喜欢
909,_,很快
909,_,还不错
910,_,还阔以
910,_,香香的
910,_,很满意
911,快寄,很给力
913,_,很保湿
913,精华,很多
914,_,超喜欢棒棒
914,物流,超级满意
915,收货,很及时
916,_,不错
916,_,美美哒
917,酒精味,太重
917,_,有点油
917,_,很好
918,活动,特别的不错
918,_,很优惠
918,_,优惠
918,_,很多吧
920,_,还不错
921,快递,真是神速
921,活动,优惠很多
922,_,不好用
922,_,没有提亮肤色
923,_,真心不错
924,_,还不错
925,味道,没错
925,_,是正品
925,_,碎了
926,_,是正品
927,_,还可以
927,_,不足有
928,快递,很给力
929,_,还不错
930,_,好用
930,补水效果,很好
930,活动,很实惠
931,_,挺好的
931,味道,不错
931,_,挺保湿
932,_,挺好
932,味道,不过敏
932,_,补水
933,_,很好
933,_,非常喜欢
933,_,准没错
936,_,小小
937,物流,_
938,味道,比较奇怪（
938,_,轻微的黏腻感
940,_,不好用
941,_,还可以
942,_,不错的
942,性价比,很高
943,_,很服帖
943,精华,很多
943,_,很好用
943,_,不过敏
944,_,不好用
945,_,不好用
946,_,比较干
946,保湿效果,很好
947,_,还不错
948,价格,便宜
949,_,一般
949,价格,便宜
950,_,挺好吸收
950,_,不油腻
950,_,没有损
951,补水效果,不错
952,补水效果,不错
952,包装,好看
952,_,很柔软
952,_,很薄
953,_,不错
954,_,挺喜欢
954,_,很实惠
954,_,美美的
955,_,不错
956,_,有点油
957,_,还行
957,_,好推开
957,_,不舒服
959,_,还不错
959,_,挺舒服的
960,_,挺好用的
961,_,不错
961,_,很好
962,速度,很不错
962,_,棒棒哒
963,_,挺好的
963,颜色,不自然
963,_,有点假白
963,_,好少
964,_,好用
964,_,好用
964,_,挺不错
965,_,有泡沫
965,快递,不咋
965,快递,_
965,速度,_
966,_,还不错
967,_,还不错
968,_,很好用
968,物流,很快
969,_,不错
970,_,挺水嫩的
971,_,会卡粉
971,_,不自然
972,_,有点太贵了
973,_,粉严重
973,颜色,太白
974,_,很滋润
975,_,很好用
976,_,挺好用的
976,_,非常满意
977,_,挺好用的
977,_,非常满意
979,赠品,挺好用
979,_,棒棒哒
980,_,好用
980,_,经济又实惠
981,_,还不错
981,_,还可以
981,_,便宜
982,_,还可以
982,_,不黏腻
983,_,很油
983,_,不清爽
985,_,特别好用
985,_,很薄
985,_,很舒服
986,_,不错
987,_,有点小
988,_,还行
989,_,挺温和
990,_,好用
990,_,不错
991,_,挺好用的
991,_,好评
992,_,良好
992,_,无异常
992,_,喜欢
993,_,很好用
993,_,均匀肤色
993,_,好用
994,卸妆效果,很好
995,包装,一般
995,盒子,没有
995,_,希望好用
996,_,很好用
997,_,很好用
998,_,便宜不少
999,_,一如既往的好
1000,补水效果,很好
1000,吸收,特别快
1000,价格,超值
1001,_,好用
1001,_,不刺激
1002,活动,_
1003,_,很好用
1004,_,满意
1004,_,吸收
1005,_,还可以
1007,_,好评
1008,_,好用
1008,_,很划算
1009,_,很喜欢
1009,_,很润
1010,_,不是很好用
1011,_,还不错
1011,_,好评
1011,_,很白
1012,_,很合适
1012,_,好用
1012,价格,亲民
1013,_,不错
1013,_,很好用
1014,_,中的好
1014,_,很多
1014,补水,保湿
1014,_,不油腻
1015,效果,很好
1016,_,干巴巴
1016,_,不理想
1017,_,很好用
1017,_,很香
1018,_,滋润亮白
1018,保湿,_
1019,_,应该不错
1019,瓶子,挺精致
1020,_,不错
1020,快递,很快
1021,_,蛮好用的
1021,_,超喜欢
1021,_,超满意
1022,_,挺好用的
1022,_,很细腻
1022,遮瑕效果,挺好
1023,_,挺小的
1023,_,不易脱妆
1023,_,挺自然
1024,合适,_
1025,_,清爽型
1025,_,很舒服
1026,物流,_
1026,服务态度,_
1027,_,挺划算的
1028,_,好评
1028,_,好用
1029,活动,_
1030,_,物有所值
1031,_,挺好用的
1032,精华,很多
1032,快递员服务,超好
1033,_,挺好用的
1033,提亮效果,_
1034,包装,很好
1034,_,无破损
1034,_,很喜欢
1035,_,淡淡的
1035,清香,很好闻
1036,_,非常不错
1036,_,非常好用
1037,_,挺好
1037,_,不卡粉
1038,_,便宜好用
1038,_,物美价廉
1039,_,好失望
1040,_,超级好用
1041,_,还是不错
1041,_,挺好用的
1041,_,还不错
1042,_,廉价的
1042,_,香精味
1042,上妆,不自然
1042,_,卡粉
1043,_,是正品
1043,_,不错
1044,_,很服帖
1044,保湿效果,还行
1044,_,划算
1045,快递,好快
1045,_,很好
1045,精华,很多
1046,_,不错
1047,_,特假
1048,_,水水的
1048,_,很好用
1049,_,很好用
1050,物流,很快
1050,_,很满意
1052,_,非常方便
1053,_,清爽
1053,_,不油腻
1054,包装,完好
1054,_,淡淡的
1054,清香味,还好
1055,性价比,很高
1055,_,滋润
1055,补水,保湿
1055,_,还不起脂肪粒
1055,送货,超级快
1056,_,不错
1057,_,还好吧
1057,保湿,不是那么好
1058,_,挺喜欢的
1058,_,香香的
1058,味道,好评
1059,味道,很清新
1059,_,不多
1059,_,挺细腻的
1059,清洁力度,还可以
1059,_,不紧绷
1059,_,挺温和的
1060,_,一般般
1061,_,一般般
1062,_,超赞
1062,_,大爱
1063,优惠活动,太赞了
1064,_,好评
1065,_,挺不错
1065,物流,很快
1066,发货的速度,_
1067,_,太香了
1068,_,超级好用
1068,补水效果,_
1069,服务态度,很好
1069,_,很满意
1070,_,出汗不掉妆
1071,粉质,不够细
1071,_,不够服帖
1071,味道,蛮喜欢
1071,提亮的效果,不错
1072,_,清淡
1072,_,不紧绷
1072,_,很舒服
1072,_,挺干净
1072,_,不刺激
1073,_,还不错
1074,_,山泥
1074,_,很难用
1074,_,不干净
1074,_,不是泥
1075,_,非常满意
1076,_,还不错
1077,_,喜欢
1077,_,大爱
1077,_,喜欢
1077,_,温和不刺激
1077,_,挺好用的
1078,价格,美丽
1079,_,很不错
1080,_,一般
1081,清洁力,不是太好
1081,_,起痘痘
1081,_,不适合
1082,_,很多
1082,赠品,还行
1083,_,挺好用的
1084,_,还行
1084,_,不会很白
1084,粉扑,很硬
1084,_,不好用
1085,速度,真无敌
1086,_,不理想
1086,_,不干净
1087,_,一如既往的好
1088,_,一如既往的好
1089,_,还不错
1089,_,是正品
1090,_,期新
1090,_,不错
1091,_,一般般
1092,物流,很快
1093,_,还不错
1094,_,还可以
1096,活动,实惠
1096,_,还不错
1097,_,特持久
1097,_,特别容易干
1098,_,特别好
1098,_,特补水
1098,_,喜欢
1099,_,不错
1100,物流,给力
1101,_,不错
1101,_,很多年
1102,_,还不错
1103,_,轻薄
1103,_,很好
1104,_,挺好的
1104,_,提亮肤色
1105,_,一般
1105,味道,_
1105,性价比,_
1106,_,不错
1107,_,物廉价美
1108,_,很清爽
1108,_,不错
1108,价格,很划得
1109,_,有点小惊喜
1109,_,很满意
1111,_,喜欢
1111,_,很好
1111,_,很补水
1111,_,划算
1112,_,非常满意
1113,_,好用
1114,控油效果,还可以
1114,香味,太香
1116,_,超级喜欢
1117,_,非常好
1117,_,舒服
1117,_,不过敏
1117,_,挺实惠的
1118,包装,还可以
1120,_,温合
1120,包装,_
1121,物流,好快
1121,服务态度,_
1122,_,挺好的
1122,_,正品
1122,_,挺开心
1123,物流,很快
1123,_,喜欢
1124,_,实惠
1124,袋子,很漂亮
1126,_,不错
1126,_,挺细腻的
1127,_,挺好
1127,_,淡淡
1127,香味,非常好用
1128,_,还不错
1128,发货速度,挺喜欢
1129,_,很好
1130,_,还行吧
1131,_,相当不错
1131,物流,给力
1131,_,好评
1131,_,超级好评
1132,_,挺好的
1134,_,好评
1134,_,很好
1134,_,很喜欢
1135,_,很不错
1136,_,有点干
1137,_,真心不错
1137,物流,超级快
1138,_,还不错
1138,_,很好用
1138,价格,优惠
1138,_,满意
1139,_,还不错
1139,物流,很快
1140,_,满意
1140,_,还不错
1140,_,轻薄
1140,持久效果,_
1140,发货,_
1141,_,棒棒哒
1141,_,轻薄透气
1142,卸妆效果,还好
1142,_,不油腻
1143,_,很好用
1143,物流,很快
1145,_,很好
1145,_,很划算
1146,提亮,很不错
1147,_,很好用
1148,_,很舒服
1148,_,没有一点不舒服
1148,_,好评好评
1150,_,不错
1150,保温效果,_
1150,精华液,挺多的
1151,_,挺好的
1152,外观,还不错
1153,_,不错
1154,礼品,不错
1155,_,是正品
1155,包装,有点不好
1155,_,挺环保的
1157,_,非常好用
1158,快递,很给力
1159,_,很喜欢
1161,_,是正品
1162,味道,好大不喜欢
1163,_,非常好用
1163,味道,好闻
1164,_,很好用
1164,遮暇效果,很好
1165,_,很不错
1166,价格,_
1167,_,很好用
1168,_,不好用
1169,速度,真快
1169,_,便宜
1170,_,白一大圈
1171,_,好评
1172,_,很好
1172,_,物超所值
1173,_,比较实惠
1173,补水效果,挺好
1174,_,还可以
1175,_,垃圾
1175,_,假货
1176,_,挺好的
1176,_,光滑水润
1177,_,偏干
1178,味道,太刺鼻
1178,价格,很实惠
1179,_,不错
1179,_,比较喜欢
1180,_,不错
1180,_,很满意
1181,性价比,很高
1182,_,很不错
1183,_,比较喜欢
1184,_,方旗
1184,_,还过敏
1185,包装,不错
1185,_,自然
1185,_,还好
1185,_,带尖的
1185,_,毛孔粗
1186,_,期新鲜
1186,_,特划算
1187,_,不起沫
1187,_,不怎么好用
1189,_,不服帖
1189,_,脱妆
1189,_,严重
1189,_,假白
1190,_,很清爽
1190,_,不油腻
1190,_,很喜欢
1190,_,很干净
1191,快递速度,真快
1192,_,超乎意
1192,_,好评
1192,_,赞赞赞
1192,_,赞赞赞赞赞
1193,_,便宜
1193,_,好评
1194,_,没小样
1195,_,不错
1195,_,是正品
1195,_,挺好的
1196,_,可以
1196,_,挺干净的
1197,_,超级喜欢
1198,_,是正品
1199,_,喜欢用
1199,_,比较细腻
1199,_,不油腻
1199,_,挺好的
1200,_,很好
1201,物流,相当快
1201,包装,精致
1201,_,一如既往的好
1202,物流,相当快
1202,包装,精致
1202,_,一如既往的好
1203,_,不错
1203,_,不干了
1203,_,很多
1204,_,挺好
1204,_,满意
1205,_,很喜欢
1206,_,挺好的
1207,_,不错
1208,_,很好用
1209,_,挺不错的
1209,_,很滋润
1210,物流,快又好
1211,_,便宜
1211,_,还好用
1211,_,清淡的
1211,香味,比较喜欢
1213,_,蛮不错
1214,_,很不错
1215,_,自然
1215,_,很满意
1216,补水效果,很棒
1217,_,不错
1218,_,超好用
1218,_,很水润
1218,_,真的好用
1219,_,不错
1220,_,水润
1220,_,透气
1220,_,享受
1220,_,不错
1222,_,比较水润
1222,隔离效果,很棒
1222,_,还算可以
1223,_,很细腻
1223,_,清爽
1223,_,不干燥
1225,_,很油
1226,_,还不少
1226,_,好用
1227,_,挺好的
1227,味道,清新
1227,_,滋润
1227,_,不粘腻
1228,_,很薄
1228,水分,很多
1228,_,很舒服
1228,_,清爽
1229,_,不错
1230,_,还不错
1230,价格,合理
1231,物流,很快
1232,_,挺喜欢的
1233,_,很好
1234,_,提亮
1234,_,提亮遮暇能力
1235,_,挺好的
1236,_,很实惠
1236,_,..
1237,_,挺不错
1237,包装,无损
1237,_,淡淡的
1237,清香味,_
1237,保湿效果,挺好的
1238,_,有点脏
1239,味道,很好闻
1240,物流,很快
1240,_,很好用
1241,_,很温和
1241,卸妆,很干净
1241,包装,_
1242,遮暇效果,没有
1243,_,那么好
1244,_,还不错
1245,_,不算太满意
1245,_,很干
1247,_,很好用
1248,物流,超快
1248,包装,很好
1248,_,没有破损
1248,_,希望好用
1249,_,便宜
1249,_,实惠
1250,_,可以
1250,_,挺白
1251,_,很好
1252,_,很赞
1252,_,很喜欢
1253,_,好用
1254,_,很好用
1254,_,水水的
1255,保湿效果,很好
1257,_,很好用
1257,味道,很好闻
1257,_,很喜欢
1258,_,还好红红火火恍
1259,香味,挺重的
1260,_,挺好用
1261,价格,实惠
1261,_,不会干
1261,_,间较长
1261,补妆,_
1262,_,不错
1263,_,不错
1263,_,挺多的
1264,活动,_
1264,精华液,很多
1264,补水效果,不错
1265,_,好评
1266,_,喜欢
1267,_,非常好用
1267,_,不油腻
1267,_,很清爽
1267,_,大爱
1269,_,很好用
1270,_,很不错
1270,味道,很好闻
1270,_,还保湿
1271,物流,很快
1271,_,很好
1272,_,还不错
1273,_,不是很适
1273,_,很油
1274,_,很好
1274,_,很好
1275,_,挺好的
1276,_,预想的
1276,分货,_
1276,香味,很浓
1277,_,还可以
1277,_,很实惠
1278,补水效果,很好
1279,_,好用
1279,滋润度,非常好
1279,_,不干
1279,_,不卡粉
1279,_,棒棒哒
1280,_,挺好的
1281,_,还不错
1282,_,湿润
1282,_,自然
1282,_,很好
1283,_,非常满意
1283,_,非常喜欢
1284,_,很不错
1284,_,喜欢
1284,活动,很合适
1285,补水效果,非常好
1286,_,挺满意的
1287,_,好就是好
1288,_,洗不掉
1288,_,不紧绷
1289,_,很好用
1289,_,很香
1290,_,真心不错
1291,_,还不错
1292,_,很不错
1292,_,不错
1293,_,还可以
1294,_,还不错
1295,_,很不错
1295,保湿效果,很好
1295,_,非常满意
1296,价格,实惠
1296,活动,真的赚大了
1296,_,便宜多了
1296,_,好评
1297,上妆,很不错
1297,味道,太香了
1298,_,还行
1298,_,比较方便
1299,_,刺激皮肤
1299,_,还好
1300,_,是正品
1301,_,非常好用
1303,味道,挺好闻的
1303,_,很好
1304,_,还不错
1304,价格,很划算
1304,_,好评
1305,_,不错
1307,_,不好用
1308,_,淡淡的
1308,香味,喜欢
1308,_,爱不释手了
1309,_,还可以
1310,保湿效果,特好
1310,遮瑕效果,不错
1311,_,很好用
1312,价格,挺便宜
1313,_,还不错
1314,_,不错
1315,_,不真实
1317,价格,超实惠
1318,_,好用
1319,_,速度快
1319,_,还好
1320,_,非常好
1321,物流,很快
1321,包装,无破损
1321,_,过眼神
1322,_,还没用
1324,_,很不错
1325,_,挺好
1326,补水效果,非常不错
1328,_,不错
1328,_,正不错
1329,_,不错
1329,美白效果,不是很好
1330,_,可以的
1330,_,希望不要失望
1331,_,还不错
1332,_,非常不满意
1334,_,还不错
1335,_,不错
1335,_,好用
1335,快递更,给力
1336,_,很不错
1336,_,便宜
1336,赠品,很多
1337,_,很好
1338,_,很不错
1338,_,不错
1338,_,棒棒哒
1339,味道,_
1340,_,喜欢
1340,_,还不错
1341,_,还不错
1342,_,很实惠
1343,包装,完好
1343,日期,比较新。
1344,服务,很不错
1344,_,不错
1345,_,非常好
1345,_,便宜划算
1346,_,很喜欢
1347,_,不错
1348,_,非常好用
1348,_,不油腻
1348,_,好推开
1349,_,很好用
1349,_,不浮粉
1350,快递,超快
1351,包装,蛮好的
1352,_,好用
1352,_,很服帖
1352,送货,_
1353,_,太给力
1353,_,特别好闻喜欢
1354,包装,好差劲
1355,_,很好用
1355,_,易推开
1357,_,很滋润
1358,_,不错
1358,价格,合理
1359,_,非常卡粉
1359,_,不好用
1360,赠品,挺多的
1361,_,不错
1361,_,确实好用
1361,_,特别便宜
1362,_,挺好的
1363,_,不错
1363,_,很舒服
1363,_,白些了
1363,_,可以美白
1364,_,很滋润
1364,肤色,很自然
1365,_,很喜欢
1366,_,特别好用
1367,_,很好
1367,_,很好用
1368,物流,很快
1368,盒子,有点脏
1368,_,很润
1368,_,不干
1368,_,吸收
1368,_,太干
1369,_,是正品
1369,_,很自然
1370,_,正品
1371,_,清凉
1371,_,正品
1371,_,不错
1372,_,会卡粉
1373,_,好用
1373,_,自然
1373,_,服帖
1373,_,实惠
1374,_,很优惠
1374,价格,很美丽
1374,_,很好
1375,_,可以的
1376,_,优惠
1376,_,非常满意
1377,_,很好用
1378,_,好用
1378,_,非常满意
1379,补水效果,特别好
1380,好装,不错
1381,_,很喜欢
1381,_,很喜欢满意
1382,_,很好用
1382,精华液,很多
1382,_,很实惠
1383,_,清爽
1383,_,不油腻
1383,遮瑕效果,不理想
1384,_,还不错
1384,_,很喜欢
1385,_,特别滋润
1385,_,香香的
1385,_,不厚重
1385,美白的效果,特别好用
1387,_,不错
1387,_,不油腻
1387,_,挺补水的
1387,_,滑滑的
1387,_,嫩嫩的
1388,_,不错
1388,_,好用
1388,_,超补水
1389,_,喜欢
1389,水份,_
1389,价格,合适
1390,粉质,很细腻
1391,_,不会油油的
1392,_,可以
1392,香味,不是那么冲
1392,_,可清新的
1392,_,不错
1393,_,很好
1394,_,很好用
1395,_,补水
1395,_,差不多
1396,感到效果,不错
1397,快递,很快
1397,客服态度,_
1398,包装,挺好的
1398,物流,很快
1398,_,不错
1399,_,是不是正品
1399,_,挺好用的
1400,_,差评
1401,_,还可以
1402,_,不错
1402,_,喜欢
1402,价格,_
1403,包装,没有
1403,_,真假
1403,_,很难说
1404,价格,还好用
1405,_,很好用
1405,_,不干
1405,_,提亮肤色
1406,_,很喜欢
1407,_,清爽
1407,_,不油腻
1408,_,可以
1409,价格,还不错
1412,_,很不错
1412,_,超级划算
1413,_,好用
1413,_,经常用
1414,_,很好用
1414,_,水水的
1415,_,不错
1415,包装,好看
1415,_,还不错
1417,_,还不错
1417,_,更好
1418,包装,太旧了
1419,_,物美价廉
1419,_,非常好
1419,_,非常好
1419,配送速度,特别快
1420,质量,不咋
1421,_,太腻了
1422,_,好用
1422,_,不油腻
1422,价格,实惠
1423,_,是正品
1423,_,没有激
1423,吸收,还不错
1423,_,好评
1424,_,还不错
1424,_,不卡粉
1424,价格,实惠
1426,_,还不错
1427,_,超爽
1427,_,挺喜欢的
1428,_,淡淡的
1428,香味,_
1428,泡沫,丰富
1429,包装,完好
1429,物流,很快
1430,_,白了
1431,_,很好
1431,_,很喜欢
1431,_,很保湿
1432,_,不错
1432,送货速度,很快
1433,_,轻松
1433,_,不卡粉
1433,_,很不错
1434,包装,非常精美
1435,_,不错
1436,_,很足
1436,精华液,很多
1436,_,水水的
1437,_,挺好用
1437,价格,美丽
1438,_,很好
1439,_,不会假白
1439,_,很好
1439,_,喜欢
1440,_,很好
1442,吸收,挺好
1442,_,很容易吸收
1442,_,水嫩水嫩的
1443,_,很不错
1443,卸妆水效果,不错
1443,_,不刺激
1444,_,很舒适
1444,_,非常细腻
1445,_,好用
1445,_,不卡粉
1446,_,还行
1447,_,还可以
1448,_,差差
1448,_,差差差
1448,_,不补水
1448,_,不会贪
1449,_,不错
1450,_,不是很多
1450,_,很温和
1451,赠品,_
1451,快又,给力
1452,_,很好用
1452,_,很显白
1452,_,好推开
1452,_,好评
1452,送货,很快
1453,_,特别拔干
1454,价格,便宜
1455,_,还不错
1456,_,很小
1457,_,很好
1457,物流,很给力的
1458,_,很自然
1459,_,非常好用
1460,_,不错
1461,_,挺好的
1461,物流,_
1462,_,不错
1462,_,挺好用的
1464,包装,不错的
1466,_,不错
1466,味道,_
1467,_,非常好用
1468,_,挺好用的
1469,_,很好
1470,清洁能力,一般
1471,_,是正品
1473,_,挺好用的
1474,_,五星好评
1475,味道,挺舒服的
1476,_,特别好用
1477,_,好啊
1478,_,自然色
1478,_,很相近
1479,_,挺好的
1479,_,薄薄的
1480,_,很好
1480,_,很满意
1481,_,还可以
1481,赠品,_
1482,_,很划算
1482,味道,好闻
1483,效果,不错
1484,_,不紧绷
1485,_,还行
1485,价格,_
1486,_,很好用
1486,卸妆,很干净
1486,_,温和
1486,_,不刺激
1487,_,不错
1488,_,还可以
1488,_,有点干
1489,_,挺好用的
1489,_,清爽
1489,_,不粘
1490,价格,便宜
1490,_,挺好的
1491,_,很快
1491,快递小哥态度,很好
1491,_,很快
1492,_,特别好用
1494,_,很好
1494,服务,特好
1495,_,很满意
1495,_,正品
1495,活动,很划算
1496,_,超好用
1497,_,好用
1497,_,实惠
1498,_,不错
1498,_,很水润
1499,_,挺不错
1500,_,不错
1500,_,挺好用的
1500,_,很划算
1501,_,正品
1501,_,很快
1502,_,很适合
1502,_,好评
1503,_,挺好
1504,_,不错
1504,_,太少了
1505,_,挺好用的
1505,_,很方便
1506,_,挺好用的
1506,_,挺滋润的
1506,快递小哥服务态度,_
1507,_,还不错
1508,_,不错
1508,_,很喜欢
1509,_,很好用
1510,_,非常好的
1511,补水效果,不错
1511,价格,合理
1511,快递,给力
1512,快递,超快
1512,_,很满意
1512,优惠力度,很大
1513,价格,有点小贵
1513,_,方贵
1513,_,物有所值
1514,_,很好用
1514,清洁,_
1515,_,很好用
1515,价格,不会很贵
1516,保湿,一般
1517,价格,实惠
1518,发货速度,超快
1518,_,合适
1518,保湿效果,_
1519,_,还不错
1520,活动,超级划算
1521,味道,很好闻
1522,清洁能力,干爽舒服
1523,_,好用
1523,_,不油腻
1523,_,很自然
1523,_,服帖
1524,清洁能力,很好
1524,味道,挺好闻
1524,_,挺好用的
1524,_,好评
1525,_,不喜欢
1525,_,很紧绷
1525,味道,不好
1526,_,非常好
1527,_,挺不错
1527,_,很细腻
1527,_,很自然
1528,_,很好用
1528,_,水嫩
1528,_,光泽
1528,_,不错
1528,_,超值
1529,_,挺好
1529,_,是正品
1530,_,不错
1530,活动,_
1532,活动,_
1532,价格,便宜
1532,_,很好用
1533,_,不错
1534,_,非常不错
1534,_,很喜欢
1536,_,挺好的
1536,精华液,很多
1537,_,还可以
1538,包装,_
1539,_,很喜欢
1540,成分,安全
1540,补湿效果,还可以
1541,_,非常好用
1541,_,不紧绷
1542,_,很滋润
1542,_,很自然
1542,_,挺满意的
1543,送货,很快
1543,快递师傅,很耐
1544,味道,不错
1544,_,很好闻
1547,_,真好
1548,_,很实惠
1549,_,还可以
1550,_,物美价廉
1551,_,不错
1551,_,物美价廉
1552,物流,很快
1553,_,好用
1553,_,挺好用的
1554,_,不错
1554,_,超级划算
1555,_,非常好用
1555,_,不但服帖
1555,_,显提亮肤色
1556,_,不错
1557,_,不错
1557,_,不错
1558,_,挺好的
1559,_,不错
1561,_,还可以
1561,_,便宜
1562,_,温和的
1563,_,还不错
1563,_,很保湿
1563,价格,很实惠
1563,_,好评
1565,_,不错
1567,配送速度,很快
1569,_,不错
1569,_,挺好
1570,_,喜欢
1571,_,不错
1571,包装,_
1571,送货,_
1571,服务,不错
1572,_,挺好用的
1573,_,好开
1573,_,好评
1574,物流,_
1575,味道,不是很喜欢
1576,_,挺不错
1579,_,很满意
1579,快递小哥速度,杠杠滴
1579,态度,不错
1580,_,挺补水的
1582,_,很不错
1583,_,正品
1583,赠品,很多
1584,_,还不错
1584,_,很懒很懒
1584,_,一般
1585,_,保湿
1585,_,补水
1585,_,值得信赖
1586,_,非常好
1586,_,物超所值
1587,_,还不错
1588,_,非常不错
1588,_,不容易脱
1589,_,很实惠
1589,_,挺划算的
1590,_,挺好的
1590,_,不错的
1590,_,比较水润
1590,_,不油腻
1590,_,很清爽
1591,_,非常好用
1592,_,非常棒
1592,_,嫩嫩的
1593,气味,很好闻
1594,_,有点干
1594,_,还可以
1595,_,很喜欢
1595,味道,很淡
1595,_,不厚重
1595,价格,不贵
1595,_,淡淡的
1596,_,一般
1596,时间,比较短
1596,保湿,还行
1596,_,没有
1597,_,挺干净的
1597,_,满意
1598,_,还可以
1599,_,很划算
1599,_,好用
1600,_,挺多的
1601,_,过敏
1601,_,不过敏
1601,_,挺好的
1601,_,便宜
1602,精华液,有点小失望
1603,价格,美丽
1603,_,很温和
1604,价格,差不多
1604,_,还行吧
1605,价格,便宜
1605,性价比,一般
1606,_,不错的
1606,_,自然
1606,遮瑕效果,不错
1607,_,便宜
1608,_,非常好
1608,_,非常滋润
1608,_,遮瑕
1608,_,淡淡的
1608,香味,_
1609,_,非常好用
1609,提亮,不卡粉
1609,_,特别服帖
1610,_,还行
1610,香味,_
1611,快递,很快
1612,小痘,_
1613,_,滋润
1613,_,比较稀的
1614,_,很好用的
1614,_,很滋润
1615,外壳,不好
1617,_,挺喜欢
1618,_,真心不错
1619,_,滋润
1619,_,服帖
1619,_,特别是精油皂
1620,_,非常的不错
1620,清香,_
1621,隔离效果,特别高
1621,_,很水润
1622,_,不错
1623,_,很不错
1623,_,很足
1623,出水口设计,很棒
1624,_,很好
1624,商家,很热心
1624,_,心想事
1625,_,还可以
1625,_,好小
1626,_,超级划算
1626,颜色,很自然
1626,_,喜欢
1627,_,很持久
1628,_,还不错
1629,_,高大上
1629,_,很精致
1630,_,很好用
1631,清洁能力,一般般
1632,_,很好
1632,_,物有所值
1634,_,好用
1635,_,超所值
1635,_,棒棒哒
1636,_,很好用
1636,_,很喜欢
1637,_,挺好用的
1638,_,好用
1639,_,不喜欢口红
1639,颜色,_
1640,_,非常喜欢
1640,_,很好
1640,性价比,_
1641,_,好用
1641,_,滑滑的
1642,物流,超快
1643,_,非常好
1643,_,很满意
1643,_,不错
1643,物流,很快
1644,_,非常喜欢
1645,_,很便宜
1645,_,很划算
1647,_,超级棒
1647,_,超级棒补水
1648,_,好用
1648,_,不卡粉
1648,_,自然
1649,物流,_
1649,包装,_
1650,颜色,很好
1650,_,不觉得干
1650,_,很容易划开
1651,物流,挺快的
1652,_,划算
1653,_,不错
1653,_,挺好用的
1654,_,很适合
1654,_,不卡粉
1655,_,非常好
1655,_,淡淡的
1655,_,很喜欢
1656,_,好用
1656,_,特别喜欢
1656,味道,_
1657,性价比,很高
1657,_,很好用
1657,价格,超级优惠
1657,_,很满意
1658,_,很温和
1658,痘痘,_
1659,_,很好用
1660,_,不错
1660,_,很好用
1660,_,很亮
1660,_,很不错
1661,_,真的不错
1662,_,好不好用
1662,_,还行
1663,补水效果,很棒
1664,_,不错
1664,价格,便宜
1664,_,相当不错
1665,_,好白
1665,_,太假面了
1665,客服,客服
1665,_,不管
1666,_,很棒的
1666,_,好用
1667,_,很保湿
1667,味道,很好闻
1667,_,不错
1668,_,不错
1669,价格,实惠
1669,_,有点少
1670,_,很舒服
1670,_,不紧绷
1670,_,不错的
1671,快递,很给力
1671,_,很香
1672,_,不错
1672,_,不油腻
1673,_,还不错
1673,_,不卡粉
1673,遮瑕效果,_
1675,_,不好用
1675,酒精味道,特别大
1675,刺鼻,_
1676,补水效果,很好
1677,_,有点用
1678,_,不错
1678,质量,很好
1678,物流,物美价廉
1679,_,好用
1679,性价比,_
1679,活动,很便宜
1680,_,不错的
1680,_,挺漂亮的
1680,盒子,_
1681,_,物美价廉
1681,_,真心好
1682,_,不错
1682,_,有点掉毛
1683,发货,很快
1684,_,比较补水
1685,补水效果,很好
1686,_,很好用
1686,_,量足
1686,_,还不错
1687,_,特别满意
1688,_,很细腻
1688,_,很好
1688,_,很满意
1689,_,这么好用
1690,_,挺好的
1691,_,很好用
1692,_,补水
1692,_,不错
1693,_,还不错
1695,_,挺香的
1695,包装,不错
1695,_,中评
1696,速度,_
1697,活动,自然
1697,_,服帖
1698,物流,很快
1698,_,挺好用的
1698,_,好评
1699,补水效果,可以
1699,_,平价
1699,_,好用
1699,_,一共
1700,质量,没问题
1701,_,不错
1702,_,挺喜欢
1703,_,不贵
1703,_,好东西
1704,_,棒棒的
1705,_,很好
1705,_,非常补水
1705,_,保湿
1705,_,不错
1706,_,很好
1706,_,很光滑的
1706,价格,实惠
1707,_,很好
1708,_,物有所值
1708,活动,_
1709,_,好棒的
1709,快递,_
1710,_,很不错
1710,快递,很给力
1711,_,挺好用
1712,_,不开
1712,_,不好用
1713,包装,很好
1713,快递哥,很给力
1714,_,很好用
1714,_,很干净
1714,_,不紧绷
1715,到货,很快
1716,卸妆,干净
1716,_,温和
1716,_,不刺激
1716,_,好用
1717,_,很喜欢
1718,_,好用
1718,_,超级好用
1720,快递小哥,_
1721,_,超级好用
1722,_,好评
1723,隔离,很好用
1723,美白的效果,不干用
1723,_,很自然
1723,礼品,_
1724,_,很实惠
1725,_,不错
1725,_,很满意
1726,_,很自然
1726,颜色,很值
1727,服务,_
1727,价格,_
1727,价格幅度,_
1728,_,好用
1728,_,好评
1729,_,不错
1729,物流,_
1729,服务态度,很好
1730,清洁能力,好用
1730,泡沫,_
1731,持支,_
1731,持支,很不错
1732,_,不错
1733,价格,很奈斯
1735,_,不错
1736,_,很不错
1737,物流,很快
1738,_,好迷你
1739,_,很好
1739,价格,实惠
1739,_,很喜欢
1739,物流速度,很快
1740,快递,太快了
1741,_,非常好
1741,_,非常光滑
1742,_,还不错
1742,补水效果,很好
1742,_,无刺激
1743,物流,_
1743,价格,合适
1743,_,不错
1744,_,还可以
1745,美哒,比想象中好
1746,_,特别好用
1746,_,不会差
1747,温和度,比较好
1747,_,比较干净
1747,_,挺好
1748,_,很好
1748,_,很满意
1749,_,很好用
1749,_,还不紧绷
1750,_,很显白
1751,_,还不错
1751,_,不紧绷
1753,_,差不多
1754,_,挺好用的
1754,_,比较细腻
1754,_,不干燥
1754,味道,很好闻
1755,_,便宜
1756,_,挺好的
1758,_,很好用
1759,_,很喜欢
1759,_,好舒服
1761,日期,太旧了
1761,客服,不回复
1761,调子,高的
1762,_,很好
1762,_,不错
1762,_,很舒服
1762,_,好评
1763,_,大救星
1763,_,很细润
1763,_,很干的
1764,_,挺好
1764,_,挺自然
1765,_,太干
1766,_,还不错
1766,_,不油腻
1767,_,不错
1767,_,很不错
1767,_,还可以
1768,_,挺好的
1769,物流,给力
1769,_,很喜欢
1770,_,还好
1770,_,便宜
1770,物流,_
1771,_,很多
1771,包装,很可爱
1772,价格,合理
1772,赠品,_
1772,送货速度,很快
1773,_,很好
1773,_,很快
1774,_,很好
1774,_,很快
1775,_,太稀了
1775,清洁效果,_
1775,清洁能力,一般
1775,_,可以
1776,_,物美价廉
1776,_,非常满意
1776,_,很好
1776,_,很薄
1777,_,挺好
1777,泡沫,很多
1778,_,还行
1778,_,过敏了
1779,补水效果,很好
1780,_,挺好的
1781,_,不错
1781,_,很实惠
1782,包装,非常仔细
1782,发货速度,非常快
1783,_,很好
1784,_,特别喜欢
1785,_,很舒服
1785,_,很柔滑
1785,_,不硬
1786,送货速度,很快
1786,_,有点小贵
1787,_,不错
1787,_,很喜欢
1788,_,很好用
1788,_,遮暇
1788,_,棒棒的
1788,优惠活动,很划算
1788,送货速度,很快
1789,快递员服务,很好
1790,_,挺好用
1790,_,很补水
1790,精华液,_
1791,_,不错
1791,物流,_
1792,_,超级喜欢
1792,_,特别舒服没有
1792,_,不刺激皮肤
1792,_,喜欢
1792,_,很好
1793,包装,可以
1794,_,比较水润的
1794,_,比较自然
1795,_,蛮喜欢的
1796,物流,很快
1797,_,便宜
1799,_,很好
1799,_,是正品
1800,_,补水
1800,_,美白
1800,_,保湿
1800,快递小哥服务态度,_
1801,_,挺好用的
1802,_,非常不错
1803,_,水嫩嫩的
1804,_,太赞了
1804,_,优惠
1805,_,很好用
1805,_,挺薄的
1805,_,很水润
1806,_,不错
1806,赠品,_
1808,_,不错
1808,_,是正品
1808,物流,_
1809,_,挺好用的
1810,_,挺好
1810,_,正品
1811,_,一日既往的好
1813,_,很好用
1813,_,滋润
1813,_,不油腻
1813,_,不紧绷
1813,_,喜欢
1814,_,挺好用的
1814,_,喜欢
1814,_,很自然
1815,_,不错
1816,_,很好用
1817,_,很喜欢
1818,_,非常不错
1818,_,淡淡的
1818,香味,很自然
1819,_,特别实惠
1820,_,挺好用的
1820,隔离效果,超级棒
1820,赠品,比较完美
1821,_,不错
1821,颜色,很正
1822,_,不错
1822,发货,_
1823,_,好用
1823,_,划算
1824,_,不错的
1824,客服态度,很好
1824,_,很好
1824,_,满意
1825,_,没有
1826,_,太少
1826,_,还可以
1827,_,太简陋
1828,_,一般
1828,_,太差了
1829,_,特别好用
1829,发货,特别快
1830,_,不怎么好用
1831,_,特别好用
1831,发货,特别快
1832,_,挺干净的
1833,_,还不错
1834,_,非常好用
1835,_,不错
1835,_,不错
1836,活动,_
1837,_,还不错
1838,_,挺好用
1838,_,很柔和
1838,_,不紧绷
1839,补水效果,不错
1840,_,不错
1840,_,物美价廉
1842,_,很贴心
1842,_,真的不错
1843,_,挺好的
1843,保湿,很好
1843,_,不干
1843,_,很润
1844,_,很好
1844,_,很保湿
1845,_,还不错
1846,_,很合适
1847,_,很快
1847,速度,蛮好的
1848,精华,挺多的
1848,_,还不错
1849,_,不错
1850,_,挺好用的
1851,卸妆效果,_
1852,_,不好
1853,_,不错
1854,_,挺好用的
1855,物流速度,很快
1856,_,不错
1857,_,不是粉
1857,_,很重
1858,_,挺清爽的
1858,_,不油腻
1859,活动,好划算
1860,美白效果,还是有
1861,_,不够好
1862,_,不错
1862,_,好评
1863,_,是正品
1863,_,很好用
1864,_,不错
1864,_,很好用
1864,快递小哥,这么给力
1865,卸妆,很干净
1865,_,温和不刺激
1865,_,滑滑的
1866,物流,很快
1867,物流,超快
1867,_,很好
1868,_,还不错
1870,赠品,挺好的
1871,_,很不错
1871,增白效果,_
1872,_,不错
1872,_,挺好用的
1872,_,干净
1872,_,不紧绷
1873,_,很好
1873,送货,快炒鸡
1873,_,很满意
1874,_,很适合
1876,_,自然
1876,遮瑕,不是很好
1878,_,非常满意
1879,活动,很划算
1880,_,太严重
1881,_,很好用
1881,_,嫩嫩的
1882,粉质,服帖
1883,_,水水的
1883,_,滑滑的
1883,补水效果,可以
1884,_,挺好用的
1885,_,很高
1885,_,很实惠
1885,_,很满意
1885,速度,超快
1886,_,不错
1887,_,很喜欢
1888,_,很自然
1888,_,很细腻
1888,_,不干
1888,_,不过敏
1888,_,真的不错
1889,隔离,_
1890,大盒,_
1891,_,还不错
1892,活动价格,还不错
1893,_,还不错
1894,_,好用
1895,_,清爽
1895,_,不油腻
1895,吸收,很快
1895,_,方便取
1896,_,非常好
1897,_,很好
1899,服务态度,一点也不好
1899,_,还过敏
1900,物流,好给力
1900,_,喜欢
1901,_,不错
1902,_,还可以
1902,_,实惠
1903,_,挺不错的
1904,速度,太快
1904,_,不错
1904,味道,挺好闻的
1905,_,还可以
1905,_,间用
1906,_,细腻柔软
1906,_,用着舒服～
1906,包装,很好
1907,_,喜欢
1907,垫妆,非常好
1908,_,好用
1908,_,不紧绷
1909,活动,更划算
1910,_,比较滋润
1911,_,不错
1911,颜色,比较自然
1912,补水效果,还不油腻
1912,_,好评
1913,_,挺好的
1914,包装,没有损
1914,_,没有少
1916,效果,不错
1916,味道,淡淡的
1916,_,挺好闻
1917,_,不错
1917,_,很喜欢
1918,_,非常容易
1918,_,不错
1919,_,很快
1920,_,不好用
1920,_,没有
1921,_,很服帖
1921,_,清爽
1921,_,不粘
1921,_,喜欢
1922,_,不错
1922,_,很大的
1922,赠品,物美价廉
1923,_,不错
1924,_,很满意
1925,保装盒？,_
1926,_,挺水润的
1927,_,好用
1927,_,不过敏
1928,价格,非常实惠
1928,_,很舒服
1928,_,非常喜欢
1929,_,还可以
1930,_,很好
1930,价格,非常实惠
1930,服务,非常热情
1931,_,清爽
1931,_,不油腻
1931,_,很喜欢
1932,_,挺好的
1933,_,物美价廉
1933,_,货真价实
1933,_,五星好评
1934,_,还可以
1934,补水,_
1935,_,超级划算
1935,_,很舒服
1935,_,赞赞
1936,_,一般
1936,精华,太少
1937,_,还不错
1937,_,还行可以
1938,_,不不错
1939,_,很不错
1940,_,超棒的
1941,_,不错
1942,活动,非常合算
1942,_,剩余
1943,活动,_
1944,_,非常好
1945,包装,是正品
1946,_,非常好用
1947,_,红肿
1948,_,很划算
1948,_,很舒服
1949,_,一般般
1949,_,很干
1949,_,抹不开
1949,_,不服帖
1950,_,不错
1950,包装,精美
1950,日期,新鲜
1952,_,细腻
1952,_,丰富
1952,_,轻微紧绷感
1953,_,还不错
1953,价格,实惠
1954,赠品,_
1955,_,挺水润的
1955,_,很喜欢
1956,_,很好用
1957,_,是正品
1958,香味,淡淡的
1958,_,蛮好
1958,_,不油腻
1958,增白效果,_
1959,保湿效果,不错
1959,服务态度,很好
1959,发货速度,很满意
1960,_,非常好用
1960,_,滋润
1960,_,保湿
1960,_,不过敏
1961,物流,一般
1961,快递盒,_
1961,包装,_
1962,快递,挺快的
1962,包装,很好
1962,快递员服务,_
1962,遮瑕效果,不很好
1963,_,还没填
1964,_,不错
1964,赠品,好用
1964,_,很实惠
1965,_,还不错
1966,快递,真快
1966,包装,有点简陋
1966,盒子,有稍许破损
1967,_,非常满意
1968,_,比较方便
1969,_,不太好用
1969,_,太干
1970,_,挺好的
1970,_,自然
1970,_,不显假
1971,优惠力度,很好用
1972,物流,好快
1973,_,蛮清爽的
1974,_,眼周围
1974,_,很刺眼
1974,_,垃圾
1975,_,很明显
1975,_,很自然
1975,味道,很不错的
1975,_,很清新
1975,_,很不错
1977,_,不错
1978,_,挺大一罐
1978,味道,还行
1978,_,有点点白
1979,发货速度,很快
1980,活动,很实惠
1980,赠品,_
1981,_,很满意
1981,味道,不大喜欢
1981,_,很舒服的
1981,_,很不错
1982,_,挺好用的
1982,_,比较服帖
1982,_,自然
1982,送过速度,很快
1982,_,好评
1983,_,还可以
1983,价格,优惠
1983,_,好评
1984,_,应该是正品
1985,_,超划算
1985,_,挺补水的
1986,_,挺好的
1986,遮瑕效果,不错
1986,肤色,提亮
1986,_,好多
1986,赠品,_
1987,活动,挺好用的
1987,_,还不错
1987,_,很均匀
1987,_,小清香
1989,_,挺好的
1990,_,非常好用
1990,价格,不贵
1991,_,很好用
1991,_,很适合
1992,_,好用
1992,_,好用
1992,_,好用
1993,_,不脱妆
1993,性价比,_
1994,_,很适合
1995,_,没有那么好
1995,味道,淡淡的
1995,_,淡淡的还行
1996,_,很滋润
1996,_,不干
1996,_,还遮瑕
1997,_,特别喜欢
1997,_,特别舒服
1997,_,不刺激
1998,_,是正品
1998,味道,淡淡的
1998,香味,很棒
1998,_,很多小
1998,礼品,_
2000,_,天呐
2000,_,好多
2000,_,好实惠
2000,_,非常好用
2001,物流,还行
2001,_,不太好
2001,_,还是不合适
2002,_,挺不错的
2003,_,非常好看
2003,_,不墙白
2003,颜色,_
2003,颜色自然,_
2003,外壳,好看
2005,_,挺好的
2006,_,挺柔和的
2006,_,不刺激
2007,_,挺好用的
2007,保湿效果,很好
2007,_,最好用
2008,_,凉凉的
2009,_,一般般
2010,_,非常好用
2011,补水效果,不错
2012,_,很温和
2013,_,不错
2014,_,挺好的
2015,_,很锁水
2015,_,不会腻
2016,_,蛮干净的
2017,隔离效果,滋润
2017,_,美白
2018,_,补水
2018,_,保湿
2018,_,可以
2018,_,五星好评
2019,_,很差
2019,客服态度,不好
2019,_,没有
2020,_,不错
2021,_,不过敏
2021,味道,_
2021,泡沫,_
2022,_,特别好
2022,_,还不错
2022,_,没有搓泥什么的
2023,_,很好
2024,_,物美价廉
2024,发货,很快
2024,_,五星好评
2026,清洗后效果,很不错
2028,_,一般般
2029,_,好补水
2029,_,还可以
2029,_,比较轻薄
2031,_,特别补水
2032,_,细腻
2032,_,自然
2032,_,很多
2032,赠品,太好
2033,_,挺好用
2034,卸妆,很温和
2034,_,还不错
2034,_,挺舒服的
2034,_,很划算
2034,_,超级实惠
2034,_,很好用
2035,_,非常好用
2035,活动,超级划算
2036,_,垃圾
2036,_,差评
2037,送货,特别快
2037,_,非常感
2037,_,太划算
2038,_,很不错
2038,_,很不错呀实惠
2039,_,不错
2039,_,好用
2040,_,很不错
2040,味道,_
2041,_,很轻薄
2042,_,是正品
2043,物流,很快
2043,_,挺不错
2044,_,很给力
2045,价钱,挺好的
2046,_,一股臭
2047,_,还不错
2048,_,真的好用
2048,精华,特别多
2049,_,评价
2049,_,很喜欢
2049,_,淡淡的
2049,香味,不腻
2050,_,还行
2050,包装,还可以
2051,_,很自然
2051,_,白的好假
2051,_,自然的美
2051,_,不错
2052,_,好用
2052,_,很服帖
2053,_,否正品
2054,_,发干
2054,_,严重
2055,_,挺好的
2056,优惠力度,_
2057,_,便宜太多了
2058,价格,实惠
2058,送货,_
2059,_,不错
2059,_,爱妻
2059,_,非常喜欢
2059,快递小哥服务到位,_
2060,_,很清爽
2061,味道,淡淡的
2062,_,难闻
2062,_,不会起泡泡
2063,_,挺好的
2065,_,好用
2065,_,特别湿润
2065,_,还有弹力
2065,补水效果,没得
2065,_,细致
2065,_,补水
2065,_,神器
2066,_,很好
2067,_,很少
2067,_,不一样
2067,味道,还勉
2067,_,强可以
2067,_,不像是正品
2068,_,香中带着
2068,_,难闻的
2068,气味,不好用
2068,_,好用
2069,_,好用
2070,_,很严重
2071,物流,超快
2071,_,是正品
2072,_,正品
2072,补水效果,很好
2072,_,刺激
2073,_,特别薄
2073,_,很服帖
2073,_,容量多
2073,香味,有点重
2074,_,好不好用
2074,包装,太差
2075,_,很服帖
2075,_,挺遮毛孔的
2075,持妆效果,不错
2075,_,没问题
2076,_,不错
2076,_,很喜欢
2077,_,还可以
2077,价格,合理
2078,_,不错
2078,_,还可以
2078,_,不错
2079,_,很好
2079,遮暇效果,不错
2079,快递,很快
2079,_,满意
2080,_,很划算
2081,_,很服帖
2081,_,很好看
2081,味道,香香的
2081,_,很不错
2082,_,很水润
2082,_,很服帖
2082,_,很划算
2083,_,还可以
2083,_,很好吸收
2083,盖子,很蠢
2084,_,蛮好的
2085,_,好评
2086,_,不少
2086,客服小茜服务,很好
2087,_,蛮好的
2088,_,还不错
2089,_,很不错
2089,价格,适中
2091,_,好用
2092,_,是正品
2092,_,挺滋润
2092,_,特别方便
2092,快递,非常快
2093,_,很好用
2094,正品,很好用
2095,_,好用
2095,_,非常喜欢
2096,_,挺好的
2097,_,很补水
2098,_,一如既往的喜欢
2099,物流,很快
2099,_,很满意
2100,_,很不错
2100,_,容易抹开
2100,_,很喜欢
2101,_,很多次
2101,_,很划算
2102,_,刺鼻
2102,气味,不是正品
2103,包装,精美
2103,_,物美价廉
2103,_,非常值
2104,_,很喜欢
2104,上妆,特别服帖
2104,物流,很快
2104,价格,实惠
2105,_,很棒
2106,_,很好用
2106,快递,很快
2106,_,是正品
2107,_,还不错
2107,_,挺自然
2107,遮瑕,不太好
2108,活动价下,划算
2110,_,不错
2110,盖子,_
2110,盖子设计,太狗血
2110,_,好难盖
2111,_,非常好
2111,快递速度,很快
2112,_,比较便宜
2113,_,过敏
2113,_,太干
2114,性价比,很不错
2115,_,挺好的
2116,_,挺好的
2117,_,有点刺痛
2118,包装,不好
2119,_,很好用
2119,_,很划算
2119,_,太满意
2120,补水效果,很不错
2121,_,洗得干净
2121,泡沫,丰富
2121,_,不是特紧绷
2121,物流,好评
2122,_,超级好用
2122,_,非常保湿
2122,_,特别好
2123,_,还可以
2124,_,好用
2124,_,不紧绷
2124,_,很舒服
2125,_,不错用
2126,_,是正品
2126,补水效果,很好
2127,赠品,没有
2128,_,好用
2129,_,不错
2129,_,不会过敏
2129,_,比较适合
2129,价格,不贵
2130,清洁度,中等
2130,_,很柔和舒服
2130,_,很OK
2131,质量,非常好
2132,_,很好
2132,_,很补水
2134,服务态度,很好
2134,_,很好用
2135,包装,很好用
2136,活动,特别划算
2136,补水效果,不错
2137,物流,很快
2138,_,很喜欢
2138,_,提肤色
2138,_,很自然
2138,香味,优然
2138,物流,超快
2139,_,喜欢得不得了
2141,物流,很快
2141,_,不错
2142,_,还不错
2143,_,温和型
2143,_,很好用
2144,补水效果,非常好
2145,物流,很快
2145,_,还不错
2146,包装,不错
2147,_,非常好
2147,_,保湿
2147,_,贴皮肤
2148,_,超级贴心的
2148,服务,淡淡的
2148,香味,蛮保湿的
2148,赠品,很好
2149,活动,最合适
2150,包装,挺好的
2151,_,很好用
2152,_,很好用
2152,补水效果,超好的
2153,_,很好
2155,_,很好用
2155,保养,_
2156,包装,不太好
2156,快递服务态度,很好
2157,物流,给力
2158,补水效果,很好
2158,_,没有
2159,配送小哥,棒棒哒
2160,_,香香的
2160,_,很好
2161,_,太香了
2162,_,非常好
2162,价钱,给力
2162,_,还优惠
2162,_,心实惠
2163,_,很补水
2164,_,非常好用
2164,隔离,_
2165,味道,太刺鼻
2165,_,没有泡沫
2165,_,不好
2166,_,香香的
2166,_,很细腻
2166,_,滑滑的
2166,_,很舒服
2167,_,不错
2167,_,很实惠
2168,_,滑滑的
2168,_,干净
2169,_,还可以
2170,快递,真的好快
2171,_,是快
2172,价格,没差别
2173,_,奇怪的
2173,_,奇怪的味道
2173,_,还可以
2174,_,不错
2175,_,一般
2175,_,不干净
2176,味道,超级好用
2176,_,超级好用
2177,粉扑,不怎么好
2177,_,不方便
2177,颜色,不是很自然
2178,_,还行吧
2179,_,接受的油腻
2179,_,很好
2179,气味,不太好闻
2180,_,很好用
2181,_,很好用
2181,_,好评
2182,_,挺便宜
2183,物流,好快
2184,_,还可以
2184,送包装,_
2185,_,挺好的
2186,_,还可以吧
2187,物流,是正品
2188,包装盒,没有
2188,_,还行
2189,快递,_
2190,隔离,_
2190,香味,很喜欢
2190,_,很淡
2191,活动,挺划算
2192,发货,很快
2192,_,省心
2192,_,省时
2192,_,省力
2193,_,很好用
2194,包装,_
2194,物流,不卡粉
2194,_,很润
2194,_,很满意
2195,_,适合
2196,味道,好闻
2197,_,不是太好用
2198,发货,_
2198,包装,好看
2198,_,满意
2199,_,很划算
2200,_,还可以
2201,_,很好
2202,包装,一般
2202,_,很精致
2202,量问,不是很好
2204,_,有泡沫
2204,_,不细腻
2204,味道,还行
2205,_,没过敏
2205,补水,还可以
2205,_,不错
2206,_,不错
2206,_,挺好
2206,_,温和
2206,_,不刺激
2206,_,不错
2208,活动,很便宜
2208,性价比,挺高的
2208,_,不心疼
2209,_,还行
2209,价格,不贵
2209,_,经济
2209,_,实惠
2210,_,不错
2210,_,很自然
2211,_,喜欢
2211,_,超级喜欢
2212,_,便宜点
2212,_,更贵
2213,_,超级棒
2213,补水效果,挺不错
2214,物流,挺快的
2214,_,还不错
2214,_,挺舒服的
2215,包装,不好
2216,_,挺好的
2216,_,细腻
2216,_,有光泽
2216,赠品,不错
2217,_,超划算
2217,_,很好
2218,_,不错
2219,_,特别开心
2219,_,特别好用
2220,客服,耐心
2221,补水效果,很好
2222,_,有点偏干
2222,_,不润
2223,_,挺好
2223,_,挺适合
2224,清洁效果,还可以
2224,_,比较优惠些
2225,_,一般
2225,_,一般
2225,价格,_
2227,_,不错
2227,_,好评
2228,_,挺好的
2229,包装,很好
2229,_,棒棒哒
2229,_,是正品
2230,_,不错
2230,_,划算
2231,_,很细腻
2231,_,有点少
2232,物流,超快
2232,_,很好用
2233,_,挺显白的
2234,_,很不错
2234,_,容易推开
